0,我的歌并不为谁而唱。但如果有人驻足聆听，我希望他能从中获得片刻的安宁。
1,想要赏月吗？你可以坐到我的摇椅上，找个舒服的角度。或者我们一起去月亮上，赏提瓦特也行。
2,我过去每天都会在银月之庭漫步很久，不用担心我跟不上你的步伐。
3,你可以叫我哥伦比娅，也可以叫我库塔尔、月神大人…选你喜欢的吧。我习惯了有很多名字的日子。若你需要的话，我会给予你月亮的赐福。
4,避雨的时候倾听雨水冲刷大地，会给我一种在「家」的安全感。
5,天晴了，晚上应该能看到月亮吧？
6,唔…！看不到闪电的话…很容易被雷声吓到…
7,我喜欢雪。美丽又安静，还能和月灵们打雪仗。你想现在来玩玩吗？
8,睁不开眼的话，就把手给我，我带你走。
9,夜晚的沙子踩上去很凉快，很舒服。但到了白天就会变得好烫好烫…
10,早…看到我的发绳了吗？嗯？头发有些乱…？在哪边？帮我梳梳。
11,呼…月亮还没升起来，我想先抱着月灵们睡个午觉。
12,夜幕落下…不觉得这种说法很有趣吗？就好像「夜晚」是被月亮绊了一跤才掉下来的一样。
13,睡不着吗？唔…月灵们有时也会这样。一般这种时候，我就给月灵们唱唱歌，讲讲故事。要不要给你也试试？
14,我习惯了用月矩力去「感受」，这比「看」更能为我展现事物的真相。不过，我偶尔遇到好奇的时候，也会悄悄睁开眼睛偷看一下。我的眼罩是镂空的。
15,我曾以为自己一直在流浪，月亮才是我的「家」。但现在，我的「家」不仅变多了，也变得更近了。
16,我很久之前就听说过你。在「愚人众」的时候，其他执行官聊起过你的事迹。但似乎当时觉得你的名号太多，他们还没讲到名字的时候，我就已经睡着了。
17,能告诉我一些旅行期间的注意事项吗？比如怎么和其他国家的人说话之类的。嗯…？你说更应该关注生火和捕猎的技巧…日常的交通方式？这些…不是用月矩力就可以了吗？
18,三位女神将她们的权能交予了我。三份力量互相交汇，很耀眼，又很温柔。我能从中感受到她们对这个世界的眷恋，以及在生命最后时刻给予这个世界的期盼与祝福。我将继承她们的月光，让它照亮月下的世界，照亮我们共同的「家」。
19,在至冬作为「愚人众」执行官第三席的时候，能够享受到许多生活中的便利。坐列车不用买票、去科洛列夫茨基剧团也不用排队…啊，但去餐厅吃饭的话，虽然能够…「报销」？但那好像很复杂，我搞不懂。所以我都是和桑多涅，或者阿蕾奇诺一起去吃。
20,月亮上的风景比我之前期待的还要美丽得多。蓝色的月矩力静静流淌，变为了一眼望不到边的海洋。漂亮的水母们在这片月色的海洋上自由飘荡。还有不知生活在哪里的粉色霜鳍鲸、好大好大的月灵…等我花些时间，把月亮上的「家」打理好，就请朋友们来做客吧。
21,要是往菈乌玛头顶的方向递去一缕月光，她的角冠就会长得更高更大，算准角度，还能一下子戳中长在高处的果实…后来？嗯…被训了。
22,前段时间我们还保持着联系。「有没有推荐的书？想拿来读给月灵们听。」像这样和尼可小姐说了一句之后，她送来了很多有趣的书籍，还向我详细介绍了每一个故事的灵感和设定。我问她，「什么时候才能读到尼可小姐亲笔写的书呢？」结果她突然消失不见了。嗯…或许是写书去了吧。
23,在枫丹担任最高审判官的水之龙？唔…听上去也是一位会将人投进囚牢的龙呢。不太想见他。
24,如果在旅途中巧遇的话，我会和他们打个招呼的。
25,我第一次在至冬宫的花园里唱歌的时候，「女皇」恰好途经那里，她静静地站在一旁，像一尊还没来得及刻画表情的雕像。有一刻，我感觉她想对我说些什么，但没有。她把感情封进了厚厚的冰层，只对外显露她作为女皇的一角…我的答案留在月亮上，她的答案，或许葬在了冰山之下。
26,他像是故意想成为他代号的反语。名为「丑角」，语调却严肃深沉，总是说些难懂的话。他佩戴嗤笑世界的面具，自己却从不微笑。
27,尊敬他的人不少，畏惧他的人也多。唔…不好懂么？那些习惯生活在阴暗处的生物是不会选择靠近光源的。光太危险，只会拖长他们自身的影子。
28,曾有一段时间，「博士」很照顾我，他说对待我就像对待自己的妹妹一样。后来我发现，越是在他心中亲近的人，他利用起来便越是自如。「既然是一家人，应该要学着忍让吧？」我看得出他由衷那么想，而我不想那么做。这种需要只会令我回想起在第一个家时，石台下的那些贪婪目光。
29,壁炉之家孩子们很多，有时会有些吵闹。我听见他们都叫阿蕾奇诺「父亲」，以为这是在壁炉之家时需要遵守的规矩。于是我在阿蕾奇诺经过时，也那样叫了一声。然后我才知道，原来壁炉之家还能那么安静。
30,我可以教你怎么学他说话，只需要把「钱」、「该死的潘塔罗涅」和「我保证」三个词组混在一起就行了。「钱呢？该死的潘塔罗涅。我保证过的」是一种，「我保证让该死的潘塔罗涅吐出钱来」又是一种。你看，很神奇吧？
31,她背后的发条会一直转吗？是永远朝同一个方向转吗？睡觉的时候，她会把发条拆下来吗？翻身要怎么办？刚见到桑多涅的时候，我就对她的发条产生了好奇。但那时和她还不熟，直接去碰似乎也不太好。所以我只要有机会就一直跟在她身后，想找到她发条转动的规律。但有一天，她突然转过身，看起来很生气地质问我为什么总要跟着她。我老老实实告诉她之后，她对我说，「你那么好奇的话，我给你背后安一个试试得了」。于是我就背着发条生活了几天，唔…的确很辛苦，桑多涅的生活真不容易。自那之后，我就更关心她了。
32,我不清楚对人偶来说，怎么样才算是「死亡」…但桑多涅真的不动了，我感受不到她的「运转」，她的发条也不动了。她是为了那个「术式」，为了让我回到这里，才变成了这样…我多么希望她这么做只是为了吓我一次，就像她曾经说过会报复我的那样…
33,在他眼中，每件事物，每个人，都是被明码标价了的，他掌握着价格的规则，通过运作筹码来扩建他的财富帝国。但那个地方很无聊，我也不会想去做客的。啊…如果「富人」见到现在的我，他的笑容里一定会藏入比以往更深的厌恶吧。我都能想象出他的声音了。「恭喜你升值了，哥伦比娅小姐。」
34,如果羽化意味着催动翅膀扑向火焰，那么维持茧的形态是否才是留存生命的更好选择？罗莎琳仿佛从没考虑过可以那么选，又或者她早已为自己选定了结局。她尽情爱，尽情恨，尽情舞…然后将哀歌留给别人来唱。
35,听说他和家人的感情很好，休假的时候会举家外出，去湖边露营烧烤。桑多涅说他是执行官当中生活得最像普通人的那一个，我不了解普通人，但我觉得那样的日子听上去倒是不错。
36,欸…？我的故事？唔…那可能要说很长时间。嗯？你准备了茶水和点心？好吧，那作为回报，我就多讲一些。
37,我曾用很长时间去学习如何同他人相处，如何同这个世界相处。现在回想起来，最初在「霜月之子」和「愚人众」的两段经历，都不是很好的教材呢。以至于很长一段日子里，我都以为相处和交往即是利益的索求与代价的支付。
38,我喜欢为月灵们讲故事，也喜欢唱歌。我的人生有一块空白，它出现在我诞生之前，却如一个胎记般伴随着我的生活。当你的故事生来就是残缺的，你就得学着用其他故事去填补这个空白。我尝试用词语去摹画它的轮廓，又用歌声为它添上色彩。
39,在祈月之夜，我得到了自己的名字——哥伦比娅·希珀塞莱尼娅。从前的我会以为，名字不过是个代号，是自身以外的某种东西。但那晚过后我明白了，名字是我同这个世界的连接，它包含着朋友们的心意，是朋友们心中的「我」在现实中的回响。我会珍惜这个名字的。
40,我的故事像是一部倒放的歌剧。它先给予了我结果，才叫我去探寻原因。但若问我重来一次，是否希望这故事有所不同的话，我又会觉得现在这样挺好。如果没有这趟探寻的旅途，我就不会知道诞生在挪德卡莱其实是我自己的选择，就不会在朋友们的帮助下学会同真正的「家人」相处，你那晚也不会在努昂诺塔的指引下踏入银月之庭。我的故事或许会迎来另一种空白，我不希望那样。
41,偶尔回到月亮上，睁开眼睛静静地看着提瓦特运转，会让我感到很安心。
42,想和普通人一样在那夏镇散步…但每次都会被认出来。是应该换件外套吗？还是说普通人不会和镇上的月灵说话？
43,新鲜的水果、蔬菜，配上麦香味的面包…嗯？很朴素吗？可能是习惯了吧。最初诞生在挪德卡莱的时候，「霜月之子」给我的就是这些。小动物们也经常带它们采到的野果和我分享。我喜欢食物最初的样子，其中包含着一部分这个世界最初的模样。
44,「火水」，还有其他一些味道很烈的酒。至冬有很多这样的饮品。尽管我在那边待了很长时间，但还是习惯不来。为什么大家喜欢那种身子像在燃烧、世界像在旋转的感觉呢？他们也想飘到月亮上去吗？
45,我还要。咦…？没有更多了吗？好吧，我下次省着吃。
46,还不错，我会伴着月光慢慢享用的。
47,唔…我惹桑多涅生气的时候，她也会给我吃类似的东西…
48,你的生日每年都是同一天吗？真好记。唔…祈月之夜每年举办的时间都不同，我只能通过感知月亮来估算自己的生日。不过，「生日」倒的确是个愉快的节日。大家围在一起跳舞，还会为你制作好吃的贡品。欸…？普通人的生日不是这样的吗？礼物、蛋糕，还有朋友…？嗯，好呀，那就叫上朋友们来为你一起庆祝。我可以为你唱首歌，还能叫上梅拉为你画幅画呢。
49,潮汐因恒月而翻涌。
50,寒夜因霜月而长明。
51,幽冥因虹月而深邃。
52,命运的纺线继承到了我的掌间，自此，新月将注视并照亮月下的世界。
53,漫流。
54,盈满。
55,垂映。
56,新月终临。
57,三月交辉之刻。
58,将此月夜，献予众生。
59,是「惊喜」…对吧？
60,它们也离家出走了吗？
61,我已经不需要贡品了，你收下吧。
62,晕晕的…
63,夜色变深了…
64,我不太好…
65,不晕么？你看起来轻飘飘的。
66,你不休息吗？
67,夜空…再次黯淡…
68,月亮…坠落了…
69,离家的…代价…
70,我没事…
71,好痛…！
72,…为什么？
73,要我借你一束月光吗？
74,会出去很久吗？
75,嗯，我跟你走。
